movie,day,mentions,n_posts,n_comments,avg_sentiment,positive_share,negative_share,neutral_share,net_sentiment
Deadpool & Wolverine,2025-05-03,7,0,7,0.2857142857142857,0.2857142857142857,0.0,0.7142857142857143,0.2857142857142857
Deadpool & Wolverine,2025-05-04,2,0,2,2.5,0.5,0.0,0.5,0.5
Deadpool & Wolverine,2025-05-06,2,0,2,0.5,0.5,0.0,0.5,0.5
Deadpool & Wolverine,2025-07-06,7,0,7,0.2857142857142857,0.14285714285714285,0.0,0.8571428571428571,0.14285714285714285
Deadpool & Wolverine,2025-07-10,5,0,5,0.0,0.2,0.2,0.6,0.0
Deadpool & Wolverine,2025-07-11,6,0,6,0.6666666666666666,0.3333333333333333,0.0,0.6666666666666666,0.3333333333333333
Deadpool & Wolverine,2025-07-12,2,0,2,1.5,1.0,0.0,0.0,1.0
Deadpool & Wolverine,2025-07-13,2,0,2,0.5,0.5,0.0,0.5,0.5
Deadpool & Wolverine,2025-07-14,1,0,1,-1.0,0.0,1.0,0.0,-1.0
Deadpool & Wolverine,2025-07-21,1,0,1,0.0,0.0,0.0,1.0,0.0
Deadpool & Wolverine,2025-07-22,1,0,1,0.0,0.0,0.0,1.0,0.0
Deadpool & Wolverine,2025-07-30,8,1,7,0.0,0.0,0.0,1.0,0.0
Deadpool & Wolverine,2025-07-31,2,0,2,0.0,0.0,0.0,1.0,0.0
Deadpool & Wolverine,2025-08-14,3,0,3,-1.0,0.0,0.3333333333333333,0.6666666666666666,-0.3333333333333333
Deadpool & Wolverine,2025-08-17,2,0,2,0.0,0.0,0.0,1.0,0.0
Deadpool & Wolverine,2025-12-08,1,0,1,1.0,1.0,0.0,0.0,1.0
Deadpool & Wolverine,2025-12-09,1,0,1,0.0,0.0,0.0,1.0,0.0
Deadpool & Wolverine,2026-02-16,1,0,1,0.0,0.0,0.0,1.0,0.0
Dune 2,2025-04-23,3,0,3,1.0,1.0,0.0,0.0,1.0
Dune 2,2025-05-04,1,0,1,0.0,0.0,0.0,1.0,0.0
Dune 2,2025-05-06,1,0,1,1.0,1.0,0.0,0.0,1.0
Dune 2,2025-06-22,1,0,1,0.0,0.0,0.0,1.0,0.0
Dune 2,2025-06-23,1,0,1,0.0,0.0,0.0,1.0,0.0
Dune 2,2025-07-09,22,1,21,0.09090909090909091,0.13636363636363635,0.13636363636363635,0.7272727272727273,0.0
Dune 2,2025-07-10,1,0,1,0.0,0.0,0.0,1.0,0.0
Dune 2,2025-08-14,1,0,1,0.0,0.0,0.0,1.0,0.0
Dune 2,2025-12-08,1,0,1,1.0,1.0,0.0,0.0,1.0
Dune 2,2026-03-28,1,1,0,0.0,0.0,0.0,1.0,0.0
Dune 2,2026-04-05,4,0,4,0.0,0.0,0.0,1.0,0.0
