movie,week_start,reddit_mentions,reddit_posts,reddit_comments,reddit_sentiment,positive_share,negative_share,neutral_share,net_sentiment
Deadpool & Wolverine,2024-02-12,1,1,0,-0.7906,0.0,1.0,0.0,-1.0
Deadpool & Wolverine,2024-02-26,1,1,0,-0.9025,0.0,1.0,0.0,-1.0
Deadpool & Wolverine,2024-03-04,1,1,0,-0.9924,0.0,1.0,0.0,-1.0
Deadpool & Wolverine,2024-03-11,3,3,0,-0.411,0.3333,0.6667,0.0,-0.3333
Deadpool & Wolverine,2024-03-18,3,3,0,-0.3328,0.3333,0.6667,0.0,-0.3333
Deadpool & Wolverine,2024-03-25,1,1,0,-0.9922,0.0,1.0,0.0,-1.0
Deadpool & Wolverine,2024-04-01,2,2,0,0.5393,1.0,0.0,0.0,1.0
Deadpool & Wolverine,2024-04-08,2,2,0,0.4978,0.5,0.0,0.5,0.5
Deadpool & Wolverine,2024-04-15,1,1,0,0.9617,1.0,0.0,0.0,1.0
Deadpool & Wolverine,2024-04-29,1,1,0,0.9941,1.0,0.0,0.0,1.0
Deadpool & Wolverine,2024-05-06,42,1,41,0.2407,0.6429,0.2857,0.0714,0.3571
Deadpool & Wolverine,2024-05-13,2,2,0,0.6928,1.0,0.0,0.0,1.0
Deadpool & Wolverine,2024-05-20,10,2,8,0.4438,0.8,0.0,0.2,0.8
Deadpool & Wolverine,2024-05-27,63,1,62,0.3026,0.6508,0.2381,0.1111,0.4127
Deadpool & Wolverine,2024-06-03,2,1,1,0.426,0.5,0.0,0.5,0.5
Deadpool & Wolverine,2024-06-17,2,1,1,0.3552,0.5,0.0,0.5,0.5
Deadpool & Wolverine,2024-07-01,4,2,2,-0.3186,0.25,0.5,0.25,-0.25
Deadpool & Wolverine,2024-07-08,5,5,0,0.9486,1.0,0.0,0.0,1.0
Deadpool & Wolverine,2024-07-15,4,4,0,0.2132,0.5,0.25,0.25,0.25
Deadpool & Wolverine,2024-07-22,176,9,167,0.3301,0.6307,0.1932,0.1761,0.4375
Deadpool & Wolverine,2024-07-29,89,4,85,0.1747,0.4157,0.1798,0.4045,0.236
Deadpool & Wolverine,2024-08-05,5,4,1,0.6267,0.8,0.0,0.2,0.8
Deadpool & Wolverine,2024-08-12,7,1,6,0.3194,0.5714,0.1429,0.2857,0.4286
Deadpool & Wolverine,2024-08-19,108,6,102,0.2812,0.6481,0.2593,0.0926,0.3889
Deadpool & Wolverine,2024-08-26,82,6,76,0.0668,0.5122,0.3171,0.1707,0.1951
Deadpool & Wolverine,2024-09-02,5,2,3,0.6377,0.8,0.2,0.0,0.6
Deadpool & Wolverine,2024-09-09,6,5,1,-0.3126,0.1667,0.6667,0.1667,-0.5
Deadpool & Wolverine,2024-09-16,2,2,0,-0.0564,0.5,0.5,0.0,0.0
Deadpool & Wolverine,2024-09-23,158,2,156,0.4345,0.7468,0.1519,0.1013,0.5949
Dune 2,2024-02-26,71,4,67,0.1927,0.5915,0.2394,0.169,0.3521
Dune 2,2024-03-04,73,2,71,0.3496,0.6575,0.2466,0.0959,0.411
Dune 2,2024-03-11,45,2,43,0.1347,0.4889,0.2889,0.2222,0.2
Dune 2,2024-03-18,49,2,47,0.2893,0.6531,0.1633,0.1837,0.4898
Dune 2,2024-04-01,9,1,8,0.6402,0.7778,0.0,0.2222,0.7778
Dune 2,2024-04-08,83,1,82,0.1266,0.3976,0.253,0.3494,0.1446
Dune 2,2024-04-15,80,1,79,0.246,0.625,0.25,0.125,0.375
Dune 2,2024-04-22,39,1,38,0.1178,0.3846,0.2821,0.3333,0.1026
Dune 2,2024-04-29,4,0,4,0.154,0.5,0.25,0.25,0.25
Dune 2,2024-05-06,2,0,2,0.3046,1.0,0.0,0.0,1.0
Dune 2,2024-05-20,3,1,2,0.502,0.6667,0.0,0.3333,0.6667
Dune 2,2024-05-27,75,1,74,0.3239,0.68,0.24,0.08,0.44
Dune 2,2024-06-03,4,0,4,0.6146,1.0,0.0,0.0,1.0
Dune 2,2024-06-24,1,0,1,0.9585,1.0,0.0,0.0,1.0
Dune 2,2024-07-08,1,0,1,-0.5563,0.0,1.0,0.0,-1.0
Dune 2,2024-07-29,1,0,1,-0.1779,0.0,1.0,0.0,-1.0
Dune 2,2024-09-02,1,1,0,0.992,1.0,0.0,0.0,1.0
